{"cameraMode":{"drawMode":0,"name":"Shaded","section":"Shading Mode"},"sceneLighting":false,"audioPlay":false,"sceneViewState":{"showFog":true,"showMaterialUpdate":false,"showSkybox":false,"showFlares":true,"showImageEffects":true,"showParticleSystems":true},"in2DMode":false,"pivot":{"x":0.0033188164234161379,"y":0.0016594529151916504,"z":0.0},"rotation":{"x":0.09226326644420624,"y":0.1132618710398674,"z":-0.010563774965703488,"w":0.9892159700393677},"size":0.977883517742157,"orthographic":true}