{"cameraMode":{"drawMode":0,"name":"Shaded","section":"Shading Mode"},"sceneLighting":true,"audioPlay":false,"sceneViewState":{"showFog":true,"showMaterialUpdate":false,"showSkybox":true,"showFlares":true,"showImageEffects":true,"showParticleSystems":true},"in2DMode":false,"pivot":{"x":2.7642135620117189,"y":1.2034400701522828,"z":2.5961532592773439},"rotation":{"x":0.11529315263032913,"y":-0.8494336009025574,"z":0.20787082612514497,"w":0.47112932801246645},"size":0.34077590703964236,"orthographic":true}