{"cameraMode":{"drawMode":0,"name":"Shaded","section":"Shading Mode"},"sceneLighting":false,"audioPlay":false,"sceneViewState":{"showFog":true,"showMaterialUpdate":true,"showSkybox":false,"showFlares":true,"showImageEffects":true,"showParticleSystems":true},"in2DMode":false,"pivot":{"x":-8.525712966918946,"y":0.08821922540664673,"z":-5.551041126251221},"rotation":{"x":0.1117001324892044,"y":0.8016350269317627,"z":-0.15833064913749696,"w":0.5655417442321777},"size":2.343596935272217,"orthographic":false}