{"cameraMode":{"drawMode":0,"name":"Shaded","section":"Shading Mode"},"sceneLighting":true,"audioPlay":false,"sceneViewState":{"showFog":true,"showMaterialUpdate":true,"showSkybox":true,"showFlares":true,"showImageEffects":true,"showParticleSystems":true},"in2DMode":false,"pivot":{"x":-11.96846866607666,"y":7.3828125,"z":3.336124897003174},"rotation":{"x":-0.1337643414735794,"y":-0.7619310617446899,"z":0.1667049378156662,"w":-0.6113755106925964},"size":35.766990661621097,"orthographic":true}