{"cameraMode":{"drawMode":0,"name":"Shaded","section":"Shading Mode"},"sceneLighting":false,"audioPlay":false,"sceneViewState":{"showFog":true,"showMaterialUpdate":true,"showSkybox":false,"showFlares":true,"showImageEffects":true,"showParticleSystems":true},"in2DMode":false,"pivot":{"x":0.208740234375,"y":0.14067342877388,"z":-0.3999021351337433},"rotation":{"x":0.08588377386331558,"y":0.8459393382072449,"z":-0.14346948266029359,"w":0.5063886642456055},"size":1.9707326889038087,"orthographic":true}