{"cameraMode":{"drawMode":0,"name":"Shaded","section":"Shading Mode"},"sceneLighting":false,"audioPlay":false,"sceneViewState":{"showFog":true,"showMaterialUpdate":true,"showSkybox":false,"showFlares":true,"showImageEffects":true,"showParticleSystems":true},"in2DMode":false,"pivot":{"x":-0.2463042438030243,"y":0.3806431293487549,"z":0.24790221452713014},"rotation":{"x":0.08814103156328201,"y":0.49809062480926516,"z":-0.05098186433315277,"w":0.8611274361610413},"size":0.767068088054657,"orthographic":false}