{"cameraMode":{"drawMode":0,"name":"Shaded","section":"Shading Mode"},"sceneLighting":true,"audioPlay":false,"sceneViewState":{"showFog":true,"showMaterialUpdate":true,"showSkybox":true,"showFlares":true,"showImageEffects":true,"showParticleSystems":true},"in2DMode":false,"pivot":{"x":-21.01078224182129,"y":1.6462054252624512,"z":-4.126537322998047},"rotation":{"x":0.06465082615613938,"y":-0.9222087860107422,"z":0.17640312016010285,"w":0.33798855543136599},"size":29.83724594116211,"orthographic":false}