{"cameraMode":{"drawMode":0,"name":"Shaded","section":"Shading Mode"},"sceneLighting":false,"audioPlay":false,"sceneViewState":{"showFog":true,"showMaterialUpdate":true,"showSkybox":false,"showFlares":true,"showImageEffects":true,"showParticleSystems":true},"in2DMode":false,"pivot":{"x":0.006375312805175781,"y":-1.7881393432617188e-7,"z":-0.007050633430480957},"rotation":{"x":0.13158206641674043,"y":0.452215313911438,"z":-0.06765206903219223,"w":0.8795515298843384},"size":1.7993849515914918,"orthographic":true}