{"cameraMode":{"drawMode":0,"name":"Shaded","section":"Shading Mode"},"sceneLighting":false,"audioPlay":false,"sceneViewState":{"showFog":true,"showMaterialUpdate":true,"showSkybox":false,"showFlares":true,"showImageEffects":true,"showParticleSystems":true},"in2DMode":false,"pivot":{"x":0.0008789896965026856,"y":0.23556998372077943,"z":-0.012706190347671509},"rotation":{"x":0.2602499723434448,"y":0.6699289083480835,"z":-0.2725610136985779,"w":0.6396690011024475},"size":1.7363011837005616,"orthographic":false}