{"cameraMode":{"drawMode":0,"name":"Shaded","section":"Shading Mode"},"sceneLighting":false,"audioPlay":false,"sceneViewState":{"showFog":true,"showMaterialUpdate":true,"showSkybox":false,"showFlares":true,"showImageEffects":true,"showParticleSystems":true},"in2DMode":false,"pivot":{"x":-1.4321588277816773,"y":1.10543692111969,"z":-8.34311580657959},"rotation":{"x":0.04139652103185654,"y":-0.16706323623657227,"z":0.00702067743986845,"w":0.9850519299507141},"size":2.1316592693328859,"orthographic":false}