{"cameraMode":{"drawMode":0,"name":"Shaded","section":"Shading Mode"},"sceneLighting":false,"audioPlay":false,"sceneViewState":{"showFog":true,"showMaterialUpdate":true,"showSkybox":false,"showFlares":true,"showImageEffects":true,"showParticleSystems":true},"in2DMode":false,"pivot":{"x":-0.3587381839752197,"y":89.83168029785156,"z":-0.4958643317222595},"rotation":{"x":-0.056278668344020846,"y":0.9320905804634094,"z":-0.16528305411338807,"w":-0.31739500164985659},"size":1.2037765979766846,"orthographic":false}