{"cameraMode":{"drawMode":0,"name":"Shaded","section":"Shading Mode"},"sceneLighting":false,"audioPlay":false,"sceneViewState":{"showFog":true,"showMaterialUpdate":true,"showSkybox":false,"showFlares":true,"showImageEffects":true,"showParticleSystems":true},"in2DMode":false,"pivot":{"x":-0.0014985203742980958,"y":5.960464477539063e-8,"z":0.002997159957885742},"rotation":{"x":0.1256902664899826,"y":-0.5700869560241699,"z":0.088786281645298,"w":0.8070464730262756},"size":0.9528841376304627,"orthographic":true}