{"cameraMode":{"drawMode":0,"name":"Shaded","section":"Shading Mode"},"sceneLighting":false,"audioPlay":false,"sceneViewState":{"showFog":false,"showMaterialUpdate":false,"showSkybox":false,"showFlares":false,"showImageEffects":false,"showParticleSystems":false},"in2DMode":false,"pivot":{"x":0.07491088658571243,"y":0.9811906814575195,"z":0.350350022315979},"rotation":{"x":-0.07434682548046112,"y":0.7335025072097778,"z":-0.08130739629268646,"w":-0.67070072889328},"size":3.0635688304901125,"orthographic":false}