{"cameraMode":{"drawMode":0,"name":"Shaded","section":"Shading Mode"},"sceneLighting":true,"audioPlay":false,"sceneViewState":{"showFog":true,"showMaterialUpdate":true,"showSkybox":true,"showFlares":true,"showImageEffects":true,"showParticleSystems":true},"in2DMode":false,"pivot":{"x":-1.7197052240371705,"y":1.0416615009307862,"z":-5.964386463165283},"rotation":{"x":0.1375444382429123,"y":0.01634202152490616,"z":-0.002278727712109685,"w":0.9903658628463745},"size":4.913599967956543,"orthographic":false}