{"cameraMode":{"drawMode":0,"name":"Shaded","section":"Shading Mode"},"sceneLighting":false,"audioPlay":false,"sceneViewState":{"showFog":false,"showMaterialUpdate":false,"showSkybox":false,"showFlares":false,"showImageEffects":false,"showParticleSystems":false},"in2DMode":false,"pivot":{"x":-2.9802322387695315e-8,"y":0.19505518674850465,"z":0.1452643871307373},"rotation":{"x":-0.2597362995147705,"y":0.6374242901802063,"z":-0.24211500585079194,"w":-0.6838219165802002},"size":1.8504822254180909,"orthographic":true}