{"cameraMode":{"drawMode":0,"name":"Shaded","section":"Shading Mode"},"sceneLighting":true,"audioPlay":false,"sceneViewState":{"showFog":false,"showMaterialUpdate":false,"showSkybox":false,"showFlares":false,"showImageEffects":false,"showParticleSystems":false},"in2DMode":false,"pivot":{"x":-13.288711547851563,"y":1.3757712841033936,"z":-2.9304776191711427},"rotation":{"x":-0.26898884773254397,"y":-0.006539756897836924,"z":0.0021274867467582227,"w":-0.9631293416023254},"size":16.227550506591798,"orthographic":false}