{"cameraMode":{"drawMode":0,"name":"Shaded","section":"Shading Mode"},"sceneLighting":false,"audioPlay":false,"sceneViewState":{"showFog":true,"showMaterialUpdate":true,"showSkybox":false,"showFlares":true,"showImageEffects":true,"showParticleSystems":true},"in2DMode":false,"pivot":{"x":-0.205624520778656,"y":0.1685948371887207,"z":-0.998004674911499},"rotation":{"x":0.013772024773061276,"y":0.9813609719276428,"z":-0.17553779482841493,"w":0.07699427008628845},"size":2.823439598083496,"orthographic":false}