{"cameraMode":{"drawMode":0,"name":"Shaded","section":"Shading Mode"},"sceneLighting":false,"audioPlay":false,"sceneViewState":{"showFog":true,"showMaterialUpdate":true,"showSkybox":false,"showFlares":true,"showImageEffects":true,"showParticleSystems":true},"in2DMode":false,"pivot":{"x":0.0028724372386932375,"y":1.4914155006408692,"z":0.46363919973373415},"rotation":{"x":0.1256902664899826,"y":-0.5700869560241699,"z":0.088786281645298,"w":0.8070464730262756},"size":5.966053485870361,"orthographic":true}