{"cameraMode":{"drawMode":0,"name":"Shaded","section":"Shading Mode"},"sceneLighting":false,"audioPlay":false,"sceneViewState":{"showFog":true,"showMaterialUpdate":true,"showSkybox":false,"showFlares":true,"showImageEffects":true,"showParticleSystems":true},"in2DMode":false,"pivot":{"x":2.910400390625,"y":91.7001953125,"z":6.5908203125},"rotation":{"x":-0.023878740146756173,"y":0.9737417697906494,"z":-0.12186156213283539,"w":-0.19080595672130586},"size":2.4081623554229738,"orthographic":true}