{"cameraMode":{"drawMode":0,"name":"Shaded","section":"Shading Mode"},"sceneLighting":false,"audioPlay":false,"sceneViewState":{"showFog":true,"showMaterialUpdate":true,"showSkybox":false,"showFlares":true,"showImageEffects":true,"showParticleSystems":true},"in2DMode":false,"pivot":{"x":-0.057776033878326419,"y":0.12611126899719239,"z":0.08486819267272949},"rotation":{"x":0.25410404801368716,"y":0.24060466885566712,"z":-0.06542516499757767,"w":0.9344841241836548},"size":1.4030267000198365,"orthographic":false}