{"cameraMode":{"drawMode":0,"name":"Shaded","section":"Shading Mode"},"sceneLighting":true,"audioPlay":false,"sceneViewState":{"showFog":false,"showMaterialUpdate":false,"showSkybox":true,"showFlares":false,"showImageEffects":false,"showParticleSystems":false},"in2DMode":false,"pivot":{"x":-20.39599609375,"y":0.4224853515625,"z":-0.435546875},"rotation":{"x":-0.037508659064769748,"y":0.9303925633430481,"z":-0.09946245700120926,"w":-0.3508419990539551},"size":4.710539817810059,"orthographic":false}