{"cameraMode":{"drawMode":0,"name":"Shaded","section":"Shading Mode"},"sceneLighting":false,"audioPlay":false,"sceneViewState":{"showFog":true,"showMaterialUpdate":true,"showSkybox":false,"showFlares":true,"showImageEffects":true,"showParticleSystems":true},"in2DMode":false,"pivot":{"x":-0.31561487913131716,"y":89.94802856445313,"z":-0.0325777530670166},"rotation":{"x":-0.07410361617803574,"y":0.46729275584220889,"z":-0.03934657201170921,"w":-0.8801220059394836},"size":1.2037765979766846,"orthographic":false}