{"cameraMode":{"drawMode":0,"name":"Shaded","section":"Shading Mode"},"sceneLighting":true,"audioPlay":false,"sceneViewState":{"showFog":true,"showMaterialUpdate":true,"showSkybox":true,"showFlares":true,"showImageEffects":true,"showParticleSystems":true},"in2DMode":false,"pivot":{"x":-4.422597885131836,"y":1.5603725910186768,"z":-4.01229190826416},"rotation":{"x":0.02523345686495304,"y":0.7441132068634033,"z":-0.028145985677838327,"w":0.6669934988021851},"size":2.2770237922668459,"orthographic":false}