{"cameraMode":{"drawMode":0,"name":"Shaded","section":"Shading Mode"},"sceneLighting":true,"audioPlay":false,"sceneViewState":{"showFog":false,"showMaterialUpdate":false,"showSkybox":true,"showFlares":false,"showImageEffects":false,"showParticleSystems":false},"in2DMode":false,"pivot":{"x":-17.381999969482423,"y":0.6399999856948853,"z":-4.740919589996338},"rotation":{"x":0.018439877778291704,"y":0.6398187279701233,"z":-0.015357623808085919,"w":0.7681542634963989},"size":8.454163551330567,"orthographic":true}