{"cameraMode":{"drawMode":0,"name":"Shaded","section":"Shading Mode"},"sceneLighting":false,"audioPlay":false,"sceneViewState":{"showFog":true,"showMaterialUpdate":true,"showSkybox":true,"showFlares":true,"showImageEffects":true,"showParticleSystems":true},"in2DMode":false,"pivot":{"x":-8.71759033203125,"y":-0.7375224828720093,"z":-5.178559303283691},"rotation":{"x":0.28022268414497378,"y":0.27572280168533327,"z":-0.08438558876514435,"w":0.915604293346405},"size":2.8578836917877199,"orthographic":false}