{"cameraMode":{"drawMode":0,"name":"Shaded","section":"Shading Mode"},"sceneLighting":false,"audioPlay":false,"sceneViewState":{"showFog":true,"showMaterialUpdate":true,"showSkybox":false,"showFlares":true,"showImageEffects":true,"showParticleSystems":true},"in2DMode":false,"pivot":{"x":-1.0791200399398804,"y":0.8122516870498657,"z":-7.965641498565674},"rotation":{"x":0.26085585355758669,"y":0.17545999586582185,"z":-0.04827675223350525,"w":0.9480704665184021},"size":3.191067934036255,"orthographic":false}