{"cameraMode":{"drawMode":0,"name":"Shaded","section":"Shading Mode"},"sceneLighting":true,"audioPlay":false,"sceneViewState":{"showFog":true,"showMaterialUpdate":true,"showSkybox":true,"showFlares":true,"showImageEffects":true,"showParticleSystems":true},"in2DMode":false,"pivot":{"x":3.664844512939453,"y":-12.963882446289063,"z":-2.53802490234375},"rotation":{"x":-0.15449321269989015,"y":0.8341469168663025,"z":-0.29160988330841067,"w":-0.4419277012348175},"size":80.35340881347656,"orthographic":false}