{"cameraMode":{"drawMode":0,"name":"Shaded","section":"Shading Mode"},"sceneLighting":false,"audioPlay":false,"sceneViewState":{"showFog":true,"showMaterialUpdate":true,"showSkybox":false,"showFlares":true,"showImageEffects":true,"showParticleSystems":true},"in2DMode":false,"pivot":{"x":-0.29480189085006716,"y":1.1407389640808106,"z":-2.380000114440918},"rotation":{"x":0.20252098143100739,"y":0.3234102427959442,"z":-0.07106727361679077,"w":0.9216029644012451},"size":2.8578836917877199,"orthographic":false}