{"cameraMode":{"drawMode":0,"name":"Shaded","section":"Shading Mode"},"sceneLighting":false,"audioPlay":false,"sceneViewState":{"showFog":true,"showMaterialUpdate":true,"showSkybox":false,"showFlares":true,"showImageEffects":true,"showParticleSystems":true},"in2DMode":false,"pivot":{"x":563.5006103515625,"y":317.81475830078127,"z":0.05140399932861328},"rotation":{"x":-0.08217690885066986,"y":0.8832573890686035,"z":-0.1689528077840805,"w":-0.4296119511127472},"size":1.357884168624878,"orthographic":false}