{"cameraMode":{"drawMode":0,"name":"Shaded","section":"Shading Mode"},"sceneLighting":true,"audioPlay":false,"sceneViewState":{"showFog":true,"showMaterialUpdate":true,"showSkybox":true,"showFlares":true,"showImageEffects":true,"showParticleSystems":true},"in2DMode":false,"pivot":{"x":9.474313735961914,"y":-5.7858805656433109,"z":2.975755214691162},"rotation":{"x":-0.12984994053840638,"y":-0.6211636662483215,"z":0.1053503230214119,"w":-0.7656407356262207},"size":35.36711120605469,"orthographic":false}