{"cameraMode":{"drawMode":0,"name":"Shaded","section":"Shading Mode"},"sceneLighting":false,"audioPlay":false,"sceneViewState":{"showFog":true,"showMaterialUpdate":true,"showSkybox":false,"showFlares":true,"showImageEffects":true,"showParticleSystems":true},"in2DMode":false,"pivot":{"x":-0.29480189085006716,"y":1.1407389640808106,"z":4.0329999923706059},"rotation":{"x":0.10599034279584885,"y":0.1809200942516327,"z":-0.019615698605775834,"w":0.9775733351707459},"size":2.8578836917877199,"orthographic":true}