{"cameraMode":{"drawMode":0,"name":"Shaded","section":"Shading Mode"},"sceneLighting":false,"audioPlay":false,"sceneViewState":{"showFog":true,"showMaterialUpdate":true,"showSkybox":false,"showFlares":true,"showImageEffects":true,"showParticleSystems":true},"in2DMode":false,"pivot":{"x":-1.4321588277816773,"y":1.10543692111969,"z":-8.34311580657959},"rotation":{"x":0.2522454857826233,"y":3.3078004224584847e-10,"z":1.337064625683837e-10,"w":0.9676635265350342},"size":2.1316592693328859,"orthographic":false}