{"cameraMode":{"drawMode":0,"name":"Shaded","section":"Shading Mode"},"sceneLighting":true,"audioPlay":false,"sceneViewState":{"showFog":true,"showMaterialUpdate":true,"showSkybox":true,"showFlares":true,"showImageEffects":true,"showParticleSystems":true},"in2DMode":false,"pivot":{"x":21.30032730102539,"y":-5.033867835998535,"z":27.22934913635254},"rotation":{"x":-0.17439550161361695,"y":-0.6753438711166382,"z":0.1691371649503708,"w":-0.6963409781455994},"size":52.522666931152347,"orthographic":false}