{"cameraMode":{"drawMode":0,"name":"Shaded","section":"Shading Mode"},"sceneLighting":false,"audioPlay":false,"sceneViewState":{"showFog":true,"showMaterialUpdate":false,"showSkybox":false,"showFlares":true,"showImageEffects":true,"showParticleSystems":true},"in2DMode":false,"pivot":{"x":0.06229288876056671,"y":0.04803571477532387,"z":0.13762247562408448},"rotation":{"x":0.2380952686071396,"y":0.17513680458068849,"z":-0.04369528964161873,"w":0.9543223977088928},"size":2.57411789894104,"orthographic":true}