{"cameraMode":{"drawMode":0,"name":"Shaded","section":"Shading Mode"},"sceneLighting":false,"audioPlay":false,"sceneViewState":{"showFog":true,"showMaterialUpdate":false,"showSkybox":false,"showFlares":true,"showImageEffects":true,"showParticleSystems":true},"in2DMode":false,"pivot":{"x":-0.074462890625,"y":-0.07073974609375,"z":-0.09423828125},"rotation":{"x":-0.0669713020324707,"y":0.6500325798988342,"z":-0.05767796188592911,"w":-0.7547532320022583},"size":1.4186675548553467,"orthographic":true}