{"cameraMode":{"drawMode":0,"name":"Shaded","section":"Shading Mode"},"sceneLighting":false,"audioPlay":false,"sceneViewState":{"showFog":true,"showMaterialUpdate":true,"showSkybox":false,"showFlares":true,"showImageEffects":true,"showParticleSystems":true},"in2DMode":false,"pivot":{"x":-0.06501628458499909,"y":0.10778200626373291,"z":1.0295000076293946},"rotation":{"x":0.18077164888381959,"y":-0.0810394436120987,"z":0.01494758203625679,"w":0.9800666570663452},"size":1.9416587352752686,"orthographic":false}