{"cameraMode":{"drawMode":0,"name":"Shaded","section":"Shading Mode"},"sceneLighting":false,"audioPlay":false,"sceneViewState":{"showFog":true,"showMaterialUpdate":false,"showSkybox":false,"showFlares":true,"showImageEffects":true,"showParticleSystems":true},"in2DMode":false,"pivot":{"x":0.014148116111755371,"y":0.011097192764282227,"z":0.009857177734375},"rotation":{"x":0.12683376669883729,"y":-0.8484287261962891,"z":0.23562976717948914,"w":0.4566875994205475},"size":0.6900718808174133,"orthographic":true}