{"cameraMode":{"drawMode":0,"name":"Shaded","section":"Shading Mode"},"sceneLighting":false,"audioPlay":false,"sceneViewState":{"showFog":true,"showMaterialUpdate":true,"showSkybox":false,"showFlares":true,"showImageEffects":true,"showParticleSystems":true},"in2DMode":false,"pivot":{"x":-10.600736618041993,"y":0.30241459608078005,"z":-20.873743057250978},"rotation":{"x":-0.11684534698724747,"y":-0.7297258973121643,"z":0.12894369661808015,"w":-0.6612424254417419},"size":0.968167245388031,"orthographic":false}