{"cameraMode":{"drawMode":0,"name":"Shaded","section":"Shading Mode"},"sceneLighting":false,"audioPlay":false,"sceneViewState":{"showFog":true,"showMaterialUpdate":true,"showSkybox":false,"showFlares":true,"showImageEffects":true,"showParticleSystems":true},"in2DMode":false,"pivot":{"x":0.40841755270957949,"y":0.018799172714352609,"z":-0.00439453125},"rotation":{"x":0.11462512612342835,"y":-0.6158384084701538,"z":0.09118601679801941,"w":0.7741382122039795},"size":2.7793056964874269,"orthographic":true}