{"cameraMode":{"drawMode":0,"name":"Shaded","section":"Shading Mode"},"sceneLighting":false,"audioPlay":false,"sceneViewState":{"showFog":false,"showMaterialUpdate":false,"showSkybox":false,"showFlares":false,"showImageEffects":false,"showParticleSystems":false},"in2DMode":false,"pivot":{"x":-0.005632355809211731,"y":0.05995623767375946,"z":-0.4173200726509094},"rotation":{"x":0.15287822484970094,"y":-0.8469403386116028,"z":0.3505188524723053,"w":0.36941614747047427},"size":3.02486252784729,"orthographic":false}