{"cameraMode":{"drawMode":0,"name":"Shaded","section":"Shading Mode"},"sceneLighting":false,"audioPlay":false,"sceneViewState":{"showFog":true,"showMaterialUpdate":true,"showSkybox":false,"showFlares":true,"showImageEffects":true,"showParticleSystems":true},"in2DMode":false,"pivot":{"x":0.001436769962310791,"y":0.11788178980350495,"z":0.0},"rotation":{"x":0.04447430372238159,"y":0.8780231475830078,"z":-0.08322106301784516,"w":0.4692257046699524},"size":2.4480159282684328,"orthographic":true}