{"cameraMode":{"drawMode":0,"name":"Shaded","section":"Shading Mode"},"sceneLighting":false,"audioPlay":false,"sceneViewState":{"showFog":true,"showMaterialUpdate":true,"showSkybox":false,"showFlares":true,"showImageEffects":true,"showParticleSystems":true},"in2DMode":false,"pivot":{"x":0.0,"y":-0.0015854239463806153,"z":0.003170490264892578},"rotation":{"x":-0.12195645272731781,"y":0.047035668045282367,"z":-0.005787757690995932,"w":-0.9914131760597229},"size":0.9681689143180847,"orthographic":false}