{"cameraMode":{"drawMode":0,"name":"Shaded","section":"Shading Mode"},"sceneLighting":false,"audioPlay":false,"sceneViewState":{"showFog":true,"showMaterialUpdate":true,"showSkybox":false,"showFlares":true,"showImageEffects":true,"showParticleSystems":true},"in2DMode":false,"pivot":{"x":-0.04101170599460602,"y":0.20704281330108643,"z":-0.27072763442993166},"rotation":{"x":-0.08139826357364655,"y":0.7118974924087524,"z":-0.08367293328046799,"w":-0.6925193071365356},"size":4.470281600952148,"orthographic":false}