{"cameraMode":{"drawMode":0,"name":"Shaded","section":"Shading Mode"},"sceneLighting":true,"audioPlay":false,"sceneViewState":{"showFog":true,"showMaterialUpdate":false,"showSkybox":false,"showFlares":true,"showImageEffects":true,"showParticleSystems":true},"in2DMode":false,"pivot":{"x":-0.45751953125,"y":0.7322998046875,"z":0.34765625},"rotation":{"x":0.0002753600711002946,"y":0.9996756315231323,"z":0.02249649353325367,"w":-0.012302541173994542},"size":2.7183868885040285,"orthographic":true}