{"cameraMode":{"drawMode":0,"name":"Shaded","section":"Shading Mode"},"sceneLighting":false,"audioPlay":false,"sceneViewState":{"showFog":true,"showMaterialUpdate":true,"showSkybox":false,"showFlares":true,"showImageEffects":true,"showParticleSystems":true},"in2DMode":false,"pivot":{"x":0.0,"y":-0.0015854239463806153,"z":0.003170490264892578},"rotation":{"x":-0.1994924247264862,"y":0.394741415977478,"z":-0.08822843432426453,"w":-0.8925322890281677},"size":1.5681688785552979,"orthographic":false}