{"cameraMode":{"drawMode":0,"name":"Shaded","section":"Shading Mode"},"sceneLighting":false,"audioPlay":false,"sceneViewState":{"showFog":true,"showMaterialUpdate":false,"showSkybox":false,"showFlares":true,"showImageEffects":true,"showParticleSystems":true},"in2DMode":false,"pivot":{"x":-0.002666473388671875,"y":0.3482970595359802,"z":-0.05149027705192566},"rotation":{"x":0.06740706413984299,"y":0.28963786363601687,"z":-0.02045317552983761,"w":0.9545413851737976},"size":3.0639257431030275,"orthographic":true}