{"cameraMode":{"drawMode":0,"name":"Shaded","section":"Shading Mode"},"sceneLighting":false,"audioPlay":false,"sceneViewState":{"showFog":true,"showMaterialUpdate":false,"showSkybox":false,"showFlares":true,"showImageEffects":true,"showParticleSystems":true},"in2DMode":false,"pivot":{"x":1.566821575164795,"y":0.3380971848964691,"z":-21.913143157958986},"rotation":{"x":0.11909417808055878,"y":-0.7326957583427429,"z":0.132878378033638,"w":0.6567556858062744},"size":0.6900718808174133,"orthographic":true}