{"cameraMode":{"drawMode":0,"name":"Shaded","section":"Shading Mode"},"sceneLighting":false,"audioPlay":false,"sceneViewState":{"showFog":true,"showMaterialUpdate":false,"showSkybox":false,"showFlares":true,"showImageEffects":true,"showParticleSystems":true},"in2DMode":false,"pivot":{"x":-0.02667856216430664,"y":-0.024773001670837404,"z":0.05716848373413086},"rotation":{"x":0.16505789756774903,"y":-0.6558512449264526,"z":0.15010805428028108,"w":0.721168577671051},"size":2.8053090572357179,"orthographic":true}