{"cameraMode":{"drawMode":0,"name":"Shaded","section":"Shading Mode"},"sceneLighting":true,"audioPlay":false,"sceneViewState":{"showFog":true,"showMaterialUpdate":true,"showSkybox":true,"showFlares":true,"showImageEffects":true,"showParticleSystems":true},"in2DMode":false,"pivot":{"x":-21.196395874023439,"y":0.3364145755767822,"z":-2.323432445526123},"rotation":{"x":0.08743372559547425,"y":-0.7591322064399719,"z":0.1042703166604042,"w":0.6365541815757752},"size":1.705551028251648,"orthographic":true}