{"cameraMode":{"drawMode":0,"name":"Shaded","section":"Shading Mode"},"sceneLighting":true,"audioPlay":false,"sceneViewState":{"showFog":true,"showMaterialUpdate":true,"showSkybox":true,"showFlares":true,"showImageEffects":true,"showParticleSystems":true},"in2DMode":false,"pivot":{"x":-5.7931976318359379,"y":3.666750907897949,"z":-0.33617210388183596},"rotation":{"x":-0.04262714460492134,"y":0.9540037512779236,"z":-0.16474395990371705,"w":-0.2468569427728653},"size":13.937422752380371,"orthographic":false}