{"cameraMode":{"drawMode":0,"name":"Shaded","section":"Shading Mode"},"sceneLighting":false,"audioPlay":false,"sceneViewState":{"showFog":false,"showMaterialUpdate":false,"showSkybox":false,"showFlares":false,"showImageEffects":false,"showParticleSystems":false},"in2DMode":false,"pivot":{"x":0.0009698458015918732,"y":0.5035614967346191,"z":0.15654313564300538},"rotation":{"x":0.18293939530849458,"y":-0.3151538372039795,"z":0.0620504729449749,"w":0.9291754364967346},"size":2.3127620220184328,"orthographic":false}