{"cameraMode":{"drawMode":0,"name":"Shaded","section":"Shading Mode"},"sceneLighting":true,"audioPlay":false,"sceneViewState":{"showFog":true,"showMaterialUpdate":true,"showSkybox":true,"showFlares":true,"showImageEffects":true,"showParticleSystems":true},"in2DMode":false,"pivot":{"x":-14.371316909790039,"y":39.71240997314453,"z":2.162625789642334},"rotation":{"x":0.18462970852851869,"y":-0.05595093220472336,"z":0.010528565384447575,"w":0.9811594486236572},"size":2.6970555782318117,"orthographic":true}