{"cameraMode":{"drawMode":0,"name":"Shaded","section":"Shading Mode"},"sceneLighting":false,"audioPlay":false,"sceneViewState":{"showFog":true,"showMaterialUpdate":false,"showSkybox":false,"showFlares":true,"showImageEffects":true,"showParticleSystems":true},"in2DMode":false,"pivot":{"x":0.0,"y":0.46624934673309328,"z":0.0032047629356384279},"rotation":{"x":-0.03150493651628494,"y":0.5886908173561096,"z":-0.022971494123339654,"w":-0.8074219226837158},"size":2.310629367828369,"orthographic":true}