{"cameraMode":{"drawMode":0,"name":"Shaded","section":"Shading Mode"},"sceneLighting":false,"audioPlay":false,"sceneViewState":{"showFog":false,"showMaterialUpdate":false,"showSkybox":false,"showFlares":false,"showImageEffects":false,"showParticleSystems":false},"in2DMode":false,"pivot":{"x":0.00048828125,"y":-0.0303955078125,"z":-0.050323486328125},"rotation":{"x":0.13754646480083466,"y":0.8624532222747803,"z":-0.3439750671386719,"w":0.3448731601238251},"size":1.0580041408538819,"orthographic":true}