{"cameraMode":{"drawMode":0,"name":"Shaded","section":"Shading Mode"},"sceneLighting":false,"audioPlay":false,"sceneViewState":{"showFog":true,"showMaterialUpdate":true,"showSkybox":false,"showFlares":true,"showImageEffects":true,"showParticleSystems":true},"in2DMode":false,"pivot":{"x":0.0,"y":-0.0015854239463806153,"z":0.003170490264892578},"rotation":{"x":-0.14168497920036317,"y":0.30298858880996706,"z":-0.04560614749789238,"w":-0.9413072466850281},"size":1.5681688785552979,"orthographic":false}