{"cameraMode":{"drawMode":0,"name":"Shaded","section":"Shading Mode"},"sceneLighting":false,"audioPlay":false,"sceneViewState":{"showFog":true,"showMaterialUpdate":true,"showSkybox":false,"showFlares":true,"showImageEffects":true,"showParticleSystems":true},"in2DMode":false,"pivot":{"x":0.0419921875,"y":0.4810149669647217,"z":-0.1631145477294922},"rotation":{"x":0.032822854816913608,"y":0.6238263249397278,"z":-0.026223421096801759,"w":0.7804340124130249},"size":2.6740214824676515,"orthographic":true}