{"cameraMode":{"drawMode":0,"name":"Shaded","section":"Shading Mode"},"sceneLighting":false,"audioPlay":false,"sceneViewState":{"showFog":true,"showMaterialUpdate":true,"showSkybox":false,"showFlares":true,"showImageEffects":true,"showParticleSystems":true},"in2DMode":false,"pivot":{"x":-0.20039002597332,"y":0.34517890214920046,"z":0.1276976764202118},"rotation":{"x":0.14772573113441468,"y":0.5356686115264893,"z":-0.09581596404314041,"w":0.8258710503578186},"size":2.48612380027771,"orthographic":false}