{"cameraMode":{"drawMode":0,"name":"Shaded","section":"Shading Mode"},"sceneLighting":false,"audioPlay":false,"sceneViewState":{"showFog":true,"showMaterialUpdate":true,"showSkybox":false,"showFlares":true,"showImageEffects":true,"showParticleSystems":true},"in2DMode":false,"pivot":{"x":1.6317296028137208,"y":-0.6446393728256226,"z":-2.384185791015625e-7},"rotation":{"x":0.19080674648284913,"y":-0.626314640045166,"z":0.1618594080209732,"w":0.7383267879486084},"size":10.740859031677246,"orthographic":false}