{"cameraMode":{"drawMode":0,"name":"Shaded","section":"Shading Mode"},"sceneLighting":false,"audioPlay":false,"sceneViewState":{"showFog":true,"showMaterialUpdate":false,"showSkybox":false,"showFlares":true,"showImageEffects":true,"showParticleSystems":true},"in2DMode":false,"pivot":{"x":-0.074462890625,"y":-0.07073974609375,"z":-0.09423828125},"rotation":{"x":-0.09074147045612335,"y":0.3603540062904358,"z":-0.03524526208639145,"w":-0.9277257919311523},"size":1.1944724321365357,"orthographic":true}