{"cameraMode":{"drawMode":0,"name":"Shaded","section":"Shading Mode"},"sceneLighting":true,"audioPlay":false,"sceneViewState":{"showFog":true,"showMaterialUpdate":true,"showSkybox":true,"showFlares":true,"showImageEffects":true,"showParticleSystems":true},"in2DMode":false,"pivot":{"x":-3.1071925163269045,"y":0.37121152877807619,"z":-0.6764997243881226},"rotation":{"x":0.27229759097099306,"y":0.28189995884895327,"z":-0.08378433436155319,"w":0.9161693453788757},"size":8.524291038513184,"orthographic":true}